{
    "metadata":{
        "normals":25,
        "uvs":1,
        "faces":16,
        "colors":0,
        "version":3,
        "vertices":25,
        "type":"Geometry",
        "materials":1,
        "generator":"io_three"
    },
    "uvs":[[0,1,0,0.75,0.25,0.75,0.25,1,0.5,0.75,0.5,1,0.75,0.75,0.75,1,1,0.75,1,1,0,0.5,0.25,0.5,0.5,0.5,0.75,0.5,1,0.5,0,0.25,0.25,0.25,0.5,0.25,0.75,0.25,1,0.25,0,0,0.25,0,0.5,0,0.75,0,1,0]],
    "normals":[-0.357372,0.470443,0.806787,-0.315714,0.423902,0.848872,-0.223762,0.377453,0.898556,-0.260262,0.405621,0.876186,0.0135502,0.342509,0.93939,0.0207526,0.333689,0.942442,0.224616,0.378185,0.898038,0.257424,0.368389,0.893307,0.287667,0.413556,0.863796,0.317301,0.407514,0.856258,-0.279916,0.250191,0.926847,-0.195624,0.237892,0.951353,0.00436415,0.237434,0.971374,0.199011,0.257149,0.945647,0.27604,0.276284,0.92056,-0.28959,0.0531022,0.955657,-0.193793,0.0532243,0.979583,0,0.0542314,0.998505,0.193793,0.0532243,0.979583,0.28959,0.0531022,0.955657,-0.290262,-0.0151677,0.956816,-0.195074,-0.0155339,0.980651,0,-0.0158391,0.999847,0.195074,-0.0155339,0.980651,0.290262,-0.0151677,0.956816],
    "colors":[],
    "vertices":[-1.8557,1.15966,-1.13121,-1.91038,0.648428,-0.721237,-0.954978,0.643833,-0.431455,-0.954978,1.29268,-0.673693,-0.0111159,0.642281,-0.283129,-0.0111159,1.35169,-0.525368,0.893036,0.643833,-0.465662,0.893036,1.31268,-0.7079,1.87443,0.648428,-0.755444,1.73836,1.21626,-1.05136,-1.96011,0.00650565,-0.469047,-1.0047,0.00191061,-0.179265,-0.0111159,0.000359601,-0.0814184,0.982471,0.00191061,-0.179265,1.93788,0.00650565,-0.469047,-1.96011,-0.7434,-0.374797,-1.0047,-0.747994,-0.0850145,-0.0111159,-0.749546,0.0128335,0.982471,-0.747994,-0.0850145,1.93788,-0.7434,-0.374797,-1.96011,-1.49331,-0.386687,-1.0047,-1.4979,-0.0969046,-0.0111159,-1.49945,0.000942376,0.982471,-1.4979,-0.0969046,1.93788,-1.49331,-0.386687],
    "materials":[{
        "visible":true,
        "depthTest":true,
        "blending":1,
        "doubleSided":false,
        "transparent":false,
        "colorEmissive":[0,0,0],
        "DbgName":"PlaneDefault",
        "specularCoef":50,
        "opacity":1,
        "depthWrite":true,
        "shading":"phong",
        "colorDiffuse":[0.64,0.64,0.64],
        "vertexColors":false,
        "wireframe":false,
        "DbgColor":15658734,
        "colorSpecular":[0.5,0.5,0.5],
        "DbgIndex":0
    }],
    "faces":[43,0,1,2,3,0,0,1,2,3,0,1,2,3,43,3,2,4,5,0,3,2,4,5,3,2,4,5,43,5,4,6,7,0,5,4,6,7,5,4,6,7,43,7,6,8,9,0,7,6,8,9,7,6,8,9,43,1,10,11,2,0,1,10,11,2,1,10,11,2,43,2,11,12,4,0,2,11,12,4,2,11,12,4,43,4,12,13,6,0,4,12,13,6,4,12,13,6,43,6,13,14,8,0,6,13,14,8,6,13,14,8,43,10,15,16,11,0,10,15,16,11,10,15,16,11,43,11,16,17,12,0,11,16,17,12,11,16,17,12,43,12,17,18,13,0,12,17,18,13,12,17,18,13,43,13,18,19,14,0,13,18,19,14,13,18,19,14,43,15,20,21,16,0,15,20,21,16,15,20,21,16,43,16,21,22,17,0,16,21,22,17,16,21,22,17,43,17,22,23,18,0,17,22,23,18,17,22,23,18,43,18,23,24,19,0,18,23,24,19,18,23,24,19]
}